{
  "ConnectionStrings:DefaultConnection": "Server=localhost;Database=Notes2021Blazor;Trusted_Connection=True;MultipleActiveResultSets=true",

  "JwtSecurityKey": "************************",
  "JwtIssuer": "https://www.whatever.com",
  "JwtAudience": "https://www.whatever.com",
  "JwtExpiryInDays": 100,

  "DefaultTZ": "54",

  "ProductionUrl": "https://localhost:yourdevportnum/",
  "SendGridApiKey": "*******************************",
  "SendGridEmail": "your@email.address",
  "SendGridName": "Your Name on behalf of Notes 2021",
  "PrimeAdminEmail": "your@email.address",
  "PrimeAdminName": "Your Name"
}
